{"Maverick Buying":[{"start":"2022-06-01 18:32:00","end":"2022-06-08 18:32:00","occured":true},{"start":"2022-06-08 18:32:00","end":"2022-06-15 18:32:00","occured":true},{"start":"2022-06-15 18:32:00","end":"2022-06-22 18:32:00","occured":false},{"start":"2022-06-22 18:32:00","end":"2022-06-29 18:32:00","occured":false}],"Duplicated Payment":[{"start":"2022-06-01 18:32:00","end":"2022-06-08 18:32:00","occured":false},{"start":"2022-06-08 18:32:00","end":"2022-06-15 18:32:00","occured":false},{"start":"2022-06-15 18:32:00","end":"2022-06-22 18:32:00","occured":true},{"start":"2022-06-22 18:32:00","end":"2022-06-29 18:32:00","occured":true}],"Lengthy Approval":[{"start":"2022-06-01 18:32:00","end":"2022-07-01 18:32:00","occured":true}]}